workout name,workout settings,date,weight kg,sets,reps
chest press,6,2024-06-09,22,2,10
seated row,"s 5, c 6",2024-06-09,34,2,10
seated dip,6,2024-06-09,30,2,10
div lat pulldown,,2024-06-09,29,2,10
shoulder press,6,2024-06-09,16,2,10
pec fly,5,2024-06-09,39,2,10
rear delt,2,2024-06-09,25,2,10
arm curl,5,2024-06-09,13,2,10
dumbell,,2024-06-09,11,2,10
conv chest press,6,2024-06-09,25,2,10
lateral raise,5,2024-06-09,17,2,10
triceps extension,6,2024-06-09,29,2,10
chin asist,,2024-06-09,1000/32,2,10
leg press,3,2024-06-09,39,2,10
lat pulldown,,2024-06-09,32,2,10
conv shoulder press,6,2024-06-09,15,2,10
chest press,6,2024-06-15,27,2,10
seated row,"s 5, c 6",2024-06-15,36,2,10
seated dip,6,2024-06-15,33,2,10
div lat pulldown,,2024-06-15,31,2,10
shoulder press,6,2024-06-15,17,2,10
pec fly,5,2024-06-15,45,2,10
rear delt,2,2024-06-15,25,2,10
arm curl,5,2024-06-15,16,2,10
dumbell,,2024-06-15,12,2,10
conv chest press,6,2024-06-15,27,2,10
lateral raise,5,2024-06-15,19,2,10
triceps extension,6,2024-06-15,30,2,10
chin asist,,2024-06-15,1000/32,2,10
leg press,3,2024-06-15,39,2,10
lat pulldown,,2024-06-15,32,2,10
conv shoulder press,6,2024-06-15,15,2,10
chest press,6,2024-06-16,27,2,10
seated row,"s 5, c 6",2024-06-16,36,2,10
seated dip,6,2024-06-16,33,2,10
div lat pulldown,,2024-06-16,32,2,10
shoulder press,6,2024-06-16,17,2,10
pec fly,5,2024-06-16,45,2,10
rear delt,2,2024-06-16,25,2,10
arm curl,5,2024-06-16,16,2,10
dumbell,,2024-06-16,12,2,10
conv chest press,6,2024-06-16,27,2,10
lateral raise,5,2024-06-16,19,2,10
triceps extension,6,2024-06-16,32,2,10
chin asist,,2024-06-16,1000/32,2,10
leg press,3,2024-06-16,39,2,10
lat pulldown,,2024-06-16,32,2,10
conv shoulder press,6,2024-06-16,15,2,10
chest press,6,2024-06-22,27,2,10
seated row,"s 5, c 6",2024-06-22,36,2,10
seated dip,6,2024-06-22,33,2,10
div lat pulldown,,2024-06-22,32,2,10
shoulder press,6,2024-06-22,18,2,10
pec fly,5,2024-06-22,45,2,10
rear delt,2,2024-06-22,25,2,10
arm curl,5,2024-06-22,16,2,10
dumbell,,2024-06-22,12,2,10
conv chest press,6,2024-06-22,27,2,10
lateral raise,5,2024-06-22,19,2,10
triceps extension,6,2024-06-22,32,2,10
chin asist,,2024-06-22,1000/32,2,10
leg press,3,2024-06-22,39,2,10
lat pulldown,,2024-06-22,32,2,10
conv shoulder press,6,2024-06-22,15,2,10
chest press,6,2024-06-23,27,2,10
seated row,"s 5, c 6",2024-06-23,36,2,10
seated dip,6,2024-06-23,33,2,10
div lat pulldown,,2024-06-23,32,2,10
shoulder press,6,2024-06-23,20,2,10
pec fly,5,2024-06-23,45,2,10
rear delt,2,2024-06-23,25,2,10
arm curl,5,2024-06-23,16,2,10
dumbell,,2024-06-23,12,2,10
conv chest press,6,2024-06-23,27,2,10
lateral raise,5,2024-06-23,20,2,10
triceps extension,6,2024-06-23,32,2,10
chin asist,,2024-06-23,1000/32,2,10
leg press,3,2024-06-23,39,2,10
lat pulldown,,2024-06-23,32,2,10
conv shoulder press,6,2024-06-23,15,2,10
chest press,6,2024-06-29,29,2,10
seated row,"s 5, c 6",2024-06-29,39,2,10
seated dip,6,2024-06-29,36,2,10
div lat pulldown,,2024-06-29,34,2,10
shoulder press,6,2024-06-29,22,2,10
pec fly,5,2024-06-29,52,2,10
rear delt,2,2024-06-29,32,2,10
arm curl,5,2024-06-29,18,2,10
dumbell,,2024-06-29,13,2,10
conv chest press,6,2024-06-29,29,2,10
lateral raise,5,2024-06-29,22,2,10
triceps extension,6,2024-06-29,34,2,10
chin asist,,2024-06-29,1000/32,2,10
leg press,3,2024-06-29,39,2,10
lat pulldown,,2024-06-29,32,2,10
conv shoulder press,6,2024-06-29,15,2,10
chest press,6,2024-07-06,29,2,10
seated row,"s 5, c 6",2024-07-06,39,2,10
seated dip,6,2024-07-06,36,2,10
div lat pulldown,,2024-07-06,34,2,10
shoulder press,6,2024-07-06,22,2,10
pec fly,5,2024-07-06,52,2,10
rear delt,2,2024-07-06,32,2,10
arm curl,5,2024-07-06,18,2,10
dumbell,,2024-07-06,13,2,10
conv chest press,6,2024-07-06,29,2,10
lateral raise,5,2024-07-06,23,2,10
triceps extension,6,2024-07-06,34,2,10
chin asist,,2024-07-06,1000/32,2,10
leg press,3,2024-07-06,39,2,10
lat pulldown,,2024-07-06,32,2,10
conv shoulder press,6,2024-07-06,15,2,10
chest press,6,2024-07-13,29,2,10
seated row,"s 5, c 6",2024-07-13,39,2,10
seated dip,6,2024-07-13,37,2,10
div lat pulldown,,2024-07-13,34,2,10
shoulder press,6,2024-07-13,23,2,10
pec fly,5,2024-07-13,52,2,10
rear delt,2,2024-07-13,32,2,10
arm curl,5,2024-07-13,18,2,10
dumbell,,2024-07-13,13,2,10
conv chest press,6,2024-07-13,29,2,10
lateral raise,5,2024-07-13,25,2,10
triceps extension,6,2024-07-13,34,2,10
chin asist,,2024-07-13,1000/32,2,10
leg press,3,2024-07-13,39,2,10
lat pulldown,,2024-07-13,32,2,10
conv shoulder press,6,2024-07-13,15,2,10
chest press,6,2024-07-16,32,2,10
seated row,"s 5, c 6",2024-07-16,41,2,10
seated dip,6,2024-07-16,41,2,10
div lat pulldown,,2024-07-16,36,2,10
shoulder press,6,2024-07-16,25,2,10
pec fly,5,2024-07-16,59,2,10
rear delt,2,2024-07-16,39,2,10
arm curl,5,2024-07-16,20,2,10
dumbell,,2024-07-16,14,2,10
conv chest press,6,2024-07-16,32,2,10
lateral raise,5,2024-07-16,27,2,10
triceps extension,6,2024-07-16,36,2,10
chin asist,,2024-07-16,1000/32,2,10
leg press,3,2024-07-16,39,2,10
lat pulldown,,2024-07-16,32,2,10
conv shoulder press,6,2024-07-16,15,2,10
chest press,6,2024-07-18,34,2,10
seated row,"s 5, c 6",2024-07-18,41,2,10
seated dip,6,2024-07-18,41,2,10
div lat pulldown,,2024-07-18,36,2,10
shoulder press,6,2024-07-18,25,2,10
pec fly,5,2024-07-18,59,2,10
rear delt,2,2024-07-18,39,2,10
arm curl,5,2024-07-18,20,2,10
dumbell,,2024-07-18,13,2,10
conv chest press,6,2024-07-18,34,2,10
lateral raise,5,2024-07-18,27,2,10
triceps extension,6,2024-07-18,36,2,10
chin asist,,2024-07-18,1000/32,2,10
leg press,3,2024-07-18,39,2,10
lat pulldown,,2024-07-18,32,2,10
conv shoulder press,6,2024-07-18,15,2,10
chest press,6,2024-07-20,34,2,10
seated row,"s 5, c 6",2024-07-20,41,2,10
seated dip,6,2024-07-20,41,2,10
div lat pulldown,,2024-07-20,36,2,10
shoulder press,6,2024-07-20,25,2,10
pec fly,5,2024-07-20,59,2,10
rear delt,2,2024-07-20,39,2,10
arm curl,5,2024-07-20,20,2,10
dumbell,,2024-07-20,13,2,10
conv chest press,6,2024-07-20,34,2,10
lateral raise,5,2024-07-20,27,2,10
triceps extension,6,2024-07-20,36,2,10
chin asist,,2024-07-20,1000/32,2,10
leg press,3,2024-07-20,39,2,10
lat pulldown,,2024-07-20,32,2,10
conv shoulder press,6,2024-07-20,15,2,10
chest press,6,2024-07-26,34,2,10
seated row,"s 5, c 6",2024-07-26,41,2,10
seated dip,6,2024-07-26,41,2,10
div lat pulldown,,2024-07-26,36,2,10
shoulder press,6,2024-07-26,25,2,10
pec fly,5,2024-07-26,59,2,10
rear delt,2,2024-07-26,39,2,10
arm curl,5,2024-07-26,20,2,10
dumbell,,2024-07-26,14,2,10
conv chest press,6,2024-07-26,34,2,10
lateral raise,5,2024-07-26,29,2,10
triceps extension,6,2024-07-26,36,2,10
chin asist,,2024-07-26,1000/32,2,10
leg press,3,2024-07-26,39,2,10
lat pulldown,,2024-07-26,32,2,10
conv shoulder press,6,2024-07-26,15,2,10
chest press,6,2024-08-02,34,2,10
seated row,"s 5, c 6",2024-08-02,41,2,10
seated dip,6,2024-08-02,41,2,10
div lat pulldown,,2024-08-02,36,2,10
shoulder press,6,2024-08-02,25,2,10
pec fly,5,2024-08-02,59,2,10
rear delt,2,2024-08-02,39,2,10
arm curl,5,2024-08-02,20,2,10
dumbell,,2024-08-02,14,2,10
conv chest press,6,2024-08-02,34,2,10
lateral raise,5,2024-08-02,29,2,10
triceps extension,6,2024-08-02,36,2,10
chin asist,,2024-08-02,1000/32,2,10
leg press,3,2024-08-02,39,2,10
lat pulldown,,2024-08-02,32,2,10
conv shoulder press,6,2024-08-02,15,2,10
chest press,6,2024-08-04,34,2,10
seated row,"s 5, c 6",2024-08-04,41,2,10
seated dip,6,2024-08-04,41,2,10
div lat pulldown,,2024-08-04,36,2,10
shoulder press,6,2024-08-04,25,2,10
pec fly,5,2024-08-04,59,2,10
rear delt,2,2024-08-04,39,2,10
arm curl,5,2024-08-04,20,2,10
dumbell,,2024-08-04,14,2,10
conv chest press,6,2024-08-04,34,2,10
lateral raise,5,2024-08-04,29,2,10
triceps extension,6,2024-08-04,36,2,10
chin asist,,2024-08-04,1000/32,2,10
leg press,3,2024-08-04,39,2,10
lat pulldown,,2024-08-04,32,2,10
conv shoulder press,6,2024-08-04,15,2,10
chest press,6,2024-08-08,34,2,10
seated row,"s 5, c 6",2024-08-08,41,2,10
seated dip,6,2024-08-08,41,2,10
div lat pulldown,,2024-08-08,36,2,10
shoulder press,6,2024-08-08,25,2,10
pec fly,5,2024-08-08,59,2,10
rear delt,2,2024-08-08,39,2,10
arm curl,5,2024-08-08,20,2,10
dumbell,,2024-08-08,14,2,10
conv chest press,6,2024-08-08,34,2,10
lateral raise,5,2024-08-08,29,2,10
triceps extension,6,2024-08-08,36,2,10
chin asist,,2024-08-08,1000/32,2,10
leg press,3,2024-08-08,39,2,10
lat pulldown,,2024-08-08,32,2,10
conv shoulder press,6,2024-08-08,15,2,10
chest press,6,2024-08-11,36,2,10
seated row,"s 5, c 6",2024-08-11,43,2,10
seated dip,6,2024-08-11,43,2,10
div lat pulldown,,2024-08-11,38,2,10
shoulder press,6,2024-08-11,27,2,10
pec fly,5,2024-08-11,66,2,10
rear delt,2,2024-08-11,39,2,10
arm curl,5,2024-08-11,22,2,10
dumbell,,2024-08-11,14,2,10
conv chest press,6,2024-08-11,36,2,10
lateral raise,5,2024-08-11,31,2,10
triceps extension,6,2024-08-11,38,2,10
chin asist,,2024-08-11,1000/32,2,10
leg press,3,2024-08-11,39,2,10
lat pulldown,,2024-08-11,32,2,10
conv shoulder press,6,2024-08-11,15,2,10
chest press,6,2024-08-15,36,2,10
seated row,"s 5, c 6",2024-08-15,43,2,10
seated dip,6,2024-08-15,43,2,10
div lat pulldown,,2024-08-15,38,2,10
shoulder press,6,2024-08-15,27,2,10
pec fly,5,2024-08-15,66,2,10
rear delt,2,2024-08-15,39,2,10
arm curl,5,2024-08-15,22,2,10
dumbell,,2024-08-15,14,2,10
conv chest press,6,2024-08-15,36,2,10
lateral raise,5,2024-08-15,31,2,10
triceps extension,6,2024-08-15,38,2,10
chin asist,,2024-08-15,1000/32,2,10
leg press,3,2024-08-15,39,2,10
lat pulldown,,2024-08-15,32,2,10
conv shoulder press,6,2024-08-15,15,2,10
chest press,6,2024-10-11,36,2,10
seated row,"s 5, c 6",2024-10-11,43,2,10
seated dip,6,2024-10-11,43,2,10
div lat pulldown,,2024-10-11,38,2,10
shoulder press,6,2024-10-11,27,2,10
pec fly,5,2024-10-11,66,2,10
rear delt,2,2024-10-11,39,2,10
arm curl,5,2024-10-11,23,2,10
dumbell,,2024-10-11,14,2,10
conv chest press,6,2024-10-11,36,2,10
lateral raise,5,2024-10-11,31,2,10
triceps extension,6,2024-10-11,38,2,10
chin asist,,2024-10-11,1000/32,2,10
leg press,3,2024-10-11,39,2,10
lat pulldown,,2024-10-11,32,2,10
conv shoulder press,6,2024-10-11,15,2,10
chest press,6,2024-10-17,39,2,10
seated row,"s 5, c 6",2024-10-17,45,2,10
seated dip,6,2024-10-17,45,2,10
div lat pulldown,,2024-10-17,38,2,10
shoulder press,6,2024-10-17,27,2,10
pec fly,5,2024-10-17,66,2,10
rear delt,2,2024-10-17,39,2,10
arm curl,5,2024-10-17,23,2,10
dumbell,,2024-10-17,14,2,10
conv chest press,6,2024-10-17,39,2,10
lateral raise,5,2024-10-17,32,2,10
triceps extension,6,2024-10-17,38,2,10
chin asist,,2024-10-17,1000/32,2,10
leg press,3,2024-10-17,39,2,10
lat pulldown,,2024-10-17,32,2,10
conv shoulder press,6,2024-10-17,15,2,10
chest press,6,2024-10-22,39,2,10
seated row,"s 5, c 6",2024-10-22,45,2,10
seated dip,6,2024-10-22,45,2,10
div lat pulldown,,2024-10-22,41,2,10
shoulder press,6,2024-10-22,27,2,10
pec fly,5,2024-10-22,66,2,10
rear delt,2,2024-10-22,39,2,10
arm curl,5,2024-10-22,23,2,10
dumbell,,2024-10-22,14,2,10
conv chest press,6,2024-10-22,39,2,10
lateral raise,5,2024-10-22,32,2,10
triceps extension,6,2024-10-22,41,2,10
chin asist,,2024-10-22,1000/32,2,10
leg press,3,2024-10-22,39,2,10
lat pulldown,,2024-10-22,32,2,10
conv shoulder press,6,2024-10-22,15,2,10
chest press,6,2024-10-27,39,2,10
seated row,"s 5, c 6",2024-10-27,45,2,10
seated dip,6,2024-10-27,45,2,10
div lat pulldown,,2024-10-27,41,2,10
shoulder press,6,2024-10-27,27,2,10
pec fly,5,2024-10-27,66,2,10
rear delt,2,2024-10-27,39,2,10
arm curl,5,2024-10-27,23,2,10
dumbell,,2024-10-27,14,2,10
conv chest press,6,2024-10-27,39,2,10
lateral raise,5,2024-10-27,32,2,10
triceps extension,6,2024-10-27,41,2,10
chin asist,,2024-10-27,1000/32,2,10
leg press,3,2024-10-27,39,2,10
lat pulldown,,2024-10-27,32,2,10
conv shoulder press,6,2024-10-27,15,2,10
chest press,6,2024-10-31,41,2,10
seated row,"s 5, c 6",2024-10-31,47,2,10
seated dip,6,2024-10-31,47,2,10
div lat pulldown,,2024-10-31,43,2,10
shoulder press,6,2024-10-31,29,2,10
pec fly,5,2024-10-31,73,2,10
rear delt,2,2024-10-31,39,2,10
arm curl,5,2024-10-31,25,2,10
dumbell,,2024-10-31,15,2,10
conv chest press,6,2024-10-31,41,2,10
lateral raise,5,2024-10-31,34,2,10
triceps extension,6,2024-10-31,43,2,10
chin asist,,2024-10-31,1000/32,2,10
leg press,3,2024-10-31,39,2,10
lat pulldown,,2024-10-31,32,2,10
conv shoulder press,6,2024-10-31,15,2,10
chest press,6,2024-11-05,41,2,10
seated row,"s 5, c 6",2024-11-05,47,2,10
seated dip,6,2024-11-05,47,2,10
div lat pulldown,,2024-11-05,43,2,10
shoulder press,6,2024-11-05,29,2,10
pec fly,5,2024-11-05,73,2,10
rear delt,2,2024-11-05,39,2,10
arm curl,5,2024-11-05,25,2,10
dumbell,,2024-11-05,15,2,10
conv chest press,6,2024-11-05,41,2,10
lateral raise,5,2024-11-05,34,2,10
triceps extension,6,2024-11-05,43,2,10
chin asist,,2024-11-05,1000/32,2,10
leg press,3,2024-11-05,39,2,10
lat pulldown,,2024-11-05,32,2,10
conv shoulder press,6,2024-11-05,15,2,10
chest press,6,2024-11-09,41,2,10
seated row,"s 5, c 6",2024-11-09,47,2,10
seated dip,6,2024-11-09,47,2,10
div lat pulldown,,2024-11-09,43,2,10
shoulder press,6,2024-11-09,29,2,10
pec fly,5,2024-11-09,73,2,10
rear delt,2,2024-11-09,42,2,10
arm curl,5,2024-11-09,25,2,10
dumbell,,2024-11-09,15,2,10
conv chest press,6,2024-11-09,41,2,10
lateral raise,5,2024-11-09,34,2,10
triceps extension,6,2024-11-09,43,2,10
chin asist,,2024-11-09,1000/32,2,10
leg press,3,2024-11-09,39,2,10
lat pulldown,,2024-11-09,32,2,10
conv shoulder press,6,2024-11-09,15,2,10
chest press,6,2024-11-14,43,2,10
seated row,"s 5, c 6",2024-11-14,47,2,10
seated dip,6,2024-11-14,50,2,10
div lat pulldown,,2024-11-14,45,2,10
shoulder press,6,2024-11-14,29,2,10
pec fly,5,2024-11-14,73,2,10
rear delt,2,2024-11-14,42,2,10
arm curl,5,2024-11-14,25,2,10
dumbell,,2024-11-14,15,2,10
conv chest press,6,2024-11-14,43,2,10
lateral raise,5,2024-11-14,34,2,10
triceps extension,6,2024-11-14,43,2,10
chin asist,,2024-11-14,1000/32,2,10
leg press,3,2024-11-14,39,2,10
lat pulldown,,2024-11-14,32,2,10
conv shoulder press,6,2024-11-14,15,2,10
chest press,6,2024-11-20,43,2,10
seated row,"s 5, c 6",2024-11-20,47,2,10
seated dip,6,2024-11-20,50,2,10
div lat pulldown,,2024-11-20,45,2,10
shoulder press,6,2024-11-20,29,2,10
pec fly,5,2024-11-20,73,2,10
rear delt,2,2024-11-20,45,2,10
arm curl,5,2024-11-20,25,2,10
dumbell,,2024-11-20,15,2,10
conv chest press,6,2024-11-20,43,2,10
lateral raise,5,2024-11-20,36,2,10
triceps extension,6,2024-11-20,43,2,10
chin asist,,2024-11-20,1000/32,2,10
leg press,3,2024-11-20,39,2,10
lat pulldown,,2024-11-20,32,2,10
conv shoulder press,6,2024-11-20,15,2,10
chest press,6,2024-11-24,43,2,10
seated row,"s 5, c 6",2024-11-24,47,2,10
seated dip,6,2024-11-24,52,2,10
div lat pulldown,,2024-11-24,45,2,10
shoulder press,6,2024-11-24,31,2,10
pec fly,5,2024-11-24,73,2,10
rear delt,2,2024-11-24,45,2,10
arm curl,5,2024-11-24,27,2,10
dumbell,,2024-11-24,15,2,10
conv chest press,6,2024-11-24,43,2,10
lateral raise,5,2024-11-24,36,2,10
triceps extension,6,2024-11-24,43,2,10
chin asist,,2024-11-24,1000/32,2,10
leg press,3,2024-11-24,39,2,10
lat pulldown,,2024-11-24,32,2,10
conv shoulder press,6,2024-11-24,15,2,10
chest press,6,2024-11-28,43,2,10
seated row,"s 5, c 6",2024-11-28,47,2,10
seated dip,6,2024-11-28,52,2,10
div lat pulldown,,2024-11-28,45,2,10
shoulder press,6,2024-11-28,31,2,10
pec fly,5,2024-11-28,73,2,10
rear delt,2,2024-11-28,45,2,10
arm curl,5,2024-11-28,27,2,10
dumbell,,2024-11-28,15,2,10
conv chest press,6,2024-11-28,43,2,10
lateral raise,5,2024-11-28,36,2,10
triceps extension,6,2024-11-28,43,2,10
chin asist,,2024-11-28,1000/32,2,10
leg press,3,2024-11-28,39,2,10
lat pulldown,,2024-11-28,32,2,10
conv shoulder press,6,2024-11-28,15,2,10
chest press,6,2024-12-11,43,2,10
seated row,"s 5, c 6",2024-12-11,47,2,10
seated dip,6,2024-12-11,52,2,10
div lat pulldown,,2024-12-11,45,2,10
shoulder press,6,2024-12-11,31,2,10
pec fly,5,2024-12-11,73,2,10
rear delt,2,2024-12-11,45,2,10
arm curl,5,2024-12-11,27,2,10
dumbell,,2024-12-11,15,2,10
conv chest press,6,2024-12-11,43,2,10
lateral raise,5,2024-12-11,36,2,10
triceps extension,6,2024-12-11,43,2,10
chin asist,,2024-12-11,1000/32,2,10
leg press,3,2024-12-11,39,2,10
lat pulldown,,2024-12-11,32,2,10
conv shoulder press,6,2024-12-11,15,2,10
chest press,6,2024-12-17,43,2,10
seated row,"s 5, c 6",2024-12-17,47,2,10
seated dip,6,2024-12-17,52,2,10
div lat pulldown,,2024-12-17,45,2,10
shoulder press,6,2024-12-17,31,2,10
pec fly,5,2024-12-17,73,2,10
rear delt,2,2024-12-17,45,2,10
arm curl,5,2024-12-17,27,2,10
dumbell,,2024-12-17,15,2,10
conv chest press,6,2024-12-17,43,2,10
lateral raise,5,2024-12-17,36,2,10
triceps extension,6,2024-12-17,43,2,10
chin asist,,2024-12-17,1000/32,2,10
leg press,3,2024-12-17,39,2,10
lat pulldown,,2024-12-17,32,2,10
conv shoulder press,6,2024-12-17,15,2,10
chest press,6,2025-06-22,22,2,10
seated row,"s 5, c 6",2025-06-22,32,2,10
seated dip,6,2025-06-22,28,2,10
div lat pulldown,,2025-06-22,27,2,10
shoulder press,6,2025-06-22,14,2,10
pec fly,5,2025-06-22,39,2,10
rear delt,2,2025-06-22,25,2,10
arm curl,5,2025-06-22,14,2,10
dumbell,,2025-06-22,10,2,10
conv chest press,6,2025-06-22,22,2,10
lateral raise,5,2025-06-22,18,2,10
triceps extension,6,2025-06-22,27,2,10
chin asist,,2025-06-22,1000/50,2,10
leg press,3,2025-06-22,39,2,10
lat pulldown,,2025-06-22,32,2,10
conv shoulder press,6,2025-06-22,15,2,10
chest press,6,2025-07-05,25,2,10
seated row,"s 5, c 6",2025-07-05,32,2,10
seated dip,6,2025-07-05,32,2,10
div lat pulldown,,2025-07-05,27,2,10
shoulder press,6,2025-07-05,15,2,10
pec fly,5,2025-07-05,45,2,10
rear delt,2,2025-07-05,25,2,10
arm curl,5,2025-07-05,14,2,10
dumbell,,2025-07-05,10,2,10
conv chest press,6,2025-07-05,25,2,10
lateral raise,5,2025-07-05,18,2,10
triceps extension,6,2025-07-05,27,2,10
chin asist,,2025-07-05,1000/45,2,10
leg press,3,2025-07-05,39,2,10
lat pulldown,,2025-07-05,32,2,10
conv shoulder press,6,2025-07-05,15,2,10
chest press,6,2025-08-31,25,2,10
seated row,"s 5, c 6",2025-08-31,32,2,10
seated dip,6,2025-08-31,32,2,10
div lat pulldown,,2025-08-31,27,2,10
shoulder press,6,2025-08-31,16,2,10
pec fly,5,2025-08-31,45,2,10
rear delt,2,2025-08-31,32,2,10
arm curl,5,2025-08-31,14,2,10
dumbell,,2025-08-31,10,2,10
conv chest press,6,2025-08-31,25,2,10
lateral raise,5,2025-08-31,20,2,10
triceps extension,6,2025-08-31,29,2,10
chin asist,,2025-08-31,1000/50,2,10
leg press,3,2025-08-31,39,2,10
lat pulldown,,2025-08-31,32,2,10
conv shoulder press,6,2025-08-31,15,2,10
chest press,6,2025-09-02,27,2,10
seated row,"s 5, c 6",2025-09-02,34,2,10
seated dip,6,2025-09-02,36,2,10
div lat pulldown,,2025-09-02,32,2,10
shoulder press,6,2025-09-02,18,2,10
pec fly,5,2025-09-02,45,2,10
rear delt,2,2025-09-02,32,2,10
arm curl,5,2025-09-02,16,2,10
dumbell,,2025-09-02,10,2,10
conv chest press,6,2025-09-02,27,2,10
lateral raise,5,2025-09-02,21,2,10
triceps extension,6,2025-09-02,32,2,10
chin asist,,2025-09-02,1000/50,2,10
leg press,3,2025-09-02,45,2,10
lat pulldown,,2025-09-02,32,2,10
conv shoulder press,6,2025-09-02,15,2,10
chest press,6,2025-09-04,27,2,10
seated row,"s 5, c 6",2025-09-04,34,2,10
seated dip,6,2025-09-04,36,2,10
div lat pulldown,,2025-09-04,32,2,10
shoulder press,6,2025-09-04,19,2,10
pec fly,5,2025-09-04,45,2,10
rear delt,2,2025-09-04,32,2,10
arm curl,5,2025-09-04,16,2,10
dumbell,,2025-09-04,11,2,10
conv chest press,6,2025-09-04,27,2,10
lateral raise,5,2025-09-04,23,2,10
triceps extension,6,2025-09-04,32,2,10
chin asist,,2025-09-04,1000/45,2,10
leg press,3,2025-09-04,45,2,10
lat pulldown,,2025-09-04,32,2,10
conv shoulder press,6,2025-09-04,15,2,10
chest press,6,2025-09-05,29,2,10
seated row,"s 5, c 6",2025-09-05,36,2,10
seated dip,6,2025-09-05,39,2,10
div lat pulldown,,2025-09-05,34,2,10
shoulder press,6,2025-09-05,22,2,10
pec fly,5,2025-09-05,52,2,10
rear delt,2,2025-09-05,39,2,10
arm curl,5,2025-09-05,18,2,10
dumbell,,2025-09-05,13,2,10
conv chest press,6,2025-09-05,29,2,10
lateral raise,5,2025-09-05,25,2,10
triceps extension,6,2025-09-05,36,2,10
chin asist,,2025-09-05,1000/45,2,10
leg press,3,2025-09-05,52,2,10
lat pulldown,,2025-09-05,35,2,10
conv shoulder press,6,2025-09-05,16,2,10
chest press,6,2025-09-07,32,2,10
seated row,"s 5, c 6",2025-09-07,36,2,10
seated dip,6,2025-09-07,41,2,10
div lat pulldown,,2025-09-07,34,2,10
shoulder press,6,2025-09-07,23,2,10
pec fly,5,2025-09-07,52,2,10
rear delt,2,2025-09-07,39,2,10
arm curl,5,2025-09-07,18,2,10
dumbell,,2025-09-07,14,2,10
conv chest press,6,2025-09-07,32,2,10
lateral raise,5,2025-09-07,25,2,10
triceps extension,6,2025-09-07,36,2,10
chin asist,,2025-09-07,1000/45,2,10
leg press,3,2025-09-07,52,2,10
lat pulldown,,2025-09-07,36,2,10
conv shoulder press,6,2025-09-07,16,2,10
chest press,6,2025-09-09,32,2,10
seated row,"s 5, c 6",2025-09-09,36,2,10
seated dip,6,2025-09-09,41,2,10
div lat pulldown,,2025-09-09,35,2,10
shoulder press,6,2025-09-09,23,2,10
pec fly,5,2025-09-09,52,2,10
rear delt,2,2025-09-09,39,2,10
arm curl,5,2025-09-09,18,2,10
dumbell,,2025-09-09,14,2,10
conv chest press,6,2025-09-09,32,2,10
lateral raise,5,2025-09-09,25,2,10
triceps extension,6,2025-09-09,36,2,10
chin asist,,2025-09-09,1000/45,2,10
leg press,3,2025-09-09,52,2,10
lat pulldown,,2025-09-09,36,2,10
conv shoulder press,6,2025-09-09,16,2,10
chest press,6,2025-09-12,32,2,10
seated row,"s 5, c 6",2025-09-12,36,2,10
seated dip,6,2025-09-12,41,2,10
div lat pulldown,,2025-09-12,36,2,10
shoulder press,6,2025-09-12,23,2,10
pec fly,5,2025-09-12,59,2,10
rear delt,2,2025-09-12,39,2,10
arm curl,5,2025-09-12,18,2,10
dumbell,,2025-09-12,13,2,10
conv chest press,6,2025-09-12,32,2,10
lateral raise,5,2025-09-12,25,2,10
triceps extension,6,2025-09-12,38,2,10
chin asist,,2025-09-12,1000/45,2,10
leg press,3,2025-09-12,52,2,10
lat pulldown,,2025-09-12,36,2,10
conv shoulder press,6,2025-09-12,16,2,10
chest press,6,2025-09-14,33,2,10
seated row,"s 5, c 6",2025-09-14,36,2,10
seated dip,6,2025-09-14,43,2,10
div lat pulldown,,2025-09-14,36,2,10
shoulder press,6,2025-09-14,23,2,10
pec fly,5,2025-09-14,59,2,10
rear delt,2,2025-09-14,39,2,10
arm curl,5,2025-09-14,19,2,10
dumbell,,2025-09-14,13,2,10
conv chest press,6,2025-09-14,33,2,10
lateral raise,5,2025-09-14,27,2,10
triceps extension,6,2025-09-14,41,2,10
chin asist,,2025-09-14,1000/45,2,10
leg press,3,2025-09-14,52,2,10
lat pulldown,,2025-09-14,36,2,10
conv shoulder press,6,2025-09-14,16,2,10
chest press,6,2025-09-15,33,2,10
seated row,"s 5, c 6",2025-09-15,36,2,10
seated dip,6,2025-09-15,43,2,10
div lat pulldown,,2025-09-15,36,2,10
shoulder press,6,2025-09-15,23,2,10
pec fly,5,2025-09-15,59,2,10
rear delt,2,2025-09-15,39,2,10
arm curl,5,2025-09-15,19,2,10
dumbell,,2025-09-15,12,2,10
conv chest press,6,2025-09-15,33,2,10
lateral raise,5,2025-09-15,27,2,10
triceps extension,6,2025-09-15,41,2,10
chin asist,,2025-09-15,1000/45,2,10
leg press,3,2025-09-15,52,2,10
lat pulldown,,2025-09-15,36,2,10
conv shoulder press,6,2025-09-15,16,2,10
chest press,6,2025-09-19,34,2,10
seated row,"s 5, c 6",2025-09-19,39,2,10
seated dip,6,2025-09-19,43,2,10
div lat pulldown,,2025-09-19,36,2,10
shoulder press,6,2025-09-19,23,2,10
pec fly,5,2025-09-19,59,2,10
rear delt,2,2025-09-19,39,2,10
arm curl,5,2025-09-19,20,2,10
dumbell,,2025-09-19,12,2,10
conv chest press,6,2025-09-19,34,2,10
lateral raise,5,2025-09-19,27,2,10
triceps extension,6,2025-09-19,41,2,10
chin asist,,2025-09-19,1000/45,2,10
leg press,3,2025-09-19,52,2,10
lat pulldown,,2025-09-19,36,2,10
conv shoulder press,6,2025-09-19,16,2,10
chest press,6,2025-09-23,34,2,10
seated row,"s 5, c 6",2025-09-23,39,2,10
seated dip,6,2025-09-23,45,2,10
div lat pulldown,,2025-09-23,36,2,10
shoulder press,6,2025-09-23,23,2,10
pec fly,5,2025-09-23,59,2,10
rear delt,2,2025-09-23,39,2,10
arm curl,5,2025-09-23,19,2,10
dumbell,,2025-09-23,12,2,10
conv chest press,6,2025-09-23,34,2,10
lateral raise,5,2025-09-23,27,2,10
triceps extension,6,2025-09-23,41,2,10
chin asist,,2025-09-23,1000/45,2,10
leg press,3,2025-09-23,52,2,10
lat pulldown,,2025-09-23,36,2,10
conv shoulder press,6,2025-09-23,16,2,10
chest press,6,2025-09-26,34,2,10
seated row,"s 5, c 6",2025-09-26,39,2,10
seated dip,6,2025-09-26,45,2,10
div lat pulldown,,2025-09-26,36,2,10
shoulder press,6,2025-09-26,23,2,10
pec fly,5,2025-09-26,59,2,10
rear delt,2,2025-09-26,39,2,10
arm curl,5,2025-09-26,19,2,10
dumbell,,2025-09-26,12,2,10
conv chest press,6,2025-09-26,34,2,10
lateral raise,5,2025-09-26,27,2,10
triceps extension,6,2025-09-26,41,2,10
chin asist,,2025-09-26,1000/45,2,10
leg press,3,2025-09-26,52,2,10
lat pulldown,,2025-09-26,36,2,10
conv shoulder press,6,2025-09-26,16,2,10
chest press,6,2025-09-30,34,2,10
seated row,"s 5, c 6",2025-09-30,39,2,10
seated dip,6,2025-09-30,45,2,10
div lat pulldown,,2025-09-30,36,2,10
shoulder press,6,2025-09-30,23,2,10
pec fly,5,2025-09-30,59,2,10
rear delt,2,2025-09-30,39,2,10
arm curl,5,2025-09-30,19,2,10
dumbell,,2025-09-30,12,2,10
conv chest press,6,2025-09-30,34,2,10
lateral raise,5,2025-09-30,27,2,10
triceps extension,6,2025-09-30,41,2,10
chin asist,,2025-09-30,1000/43,2,10
leg press,3,2025-09-30,52,2,10
lat pulldown,,2025-09-30,36,2,10
conv shoulder press,6,2025-09-30,16,2,10
chest press,6,2025-10-03,34,2,10
seated row,"s 5, c 6",2025-10-03,39,2,10
seated dip,6,2025-10-03,45,2,10
div lat pulldown,,2025-10-03,36,2,10
shoulder press,6,2025-10-03,23,2,10
pec fly,5,2025-10-03,59,2,10
rear delt,2,2025-10-03,39,2,10
arm curl,5,2025-10-03,20,2,10
dumbell,,2025-10-03,12,2,10
conv chest press,6,2025-10-03,34,2,10
lateral raise,5,2025-10-03,27,2,10
triceps extension,6,2025-10-03,41,2,10
chin asist,,2025-10-03,1000/43,2,10
leg press,3,2025-10-03,52,2,10
lat pulldown,,2025-10-03,36,2,10
conv shoulder press,6,2025-10-03,16,2,10
chest press,6,2025-10-05,36,2,10
seated row,"s 5, c 6",2025-10-05,41,2,10
seated dip,6,2025-10-05,45,2,10
div lat pulldown,,2025-10-05,38,2,10
shoulder press,6,2025-10-05,25,2,10
pec fly,5,2025-10-05,66,2,10
rear delt,2,2025-10-05,39,2,10
arm curl,5,2025-10-05,21,2,10
dumbell,,2025-10-05,12,2,10
conv chest press,6,2025-10-05,36,2,10
lateral raise,5,2025-10-05,27,2,10
triceps extension,6,2025-10-05,41,2,10
chin asist,,2025-10-05,1000/43,2,10
leg press,3,2025-10-05,52,2,10
lat pulldown,,2025-10-05,39,2,10
conv shoulder press,6,2025-10-05,18,2,10
chest press,6,2025-10-07,38,2,10
seated row,"s 5, c 6",2025-10-07,43,2,10
seated dip,6,2025-10-07,47,2,10
div lat pulldown,,2025-10-07,38,2,10
shoulder press,6,2025-10-07,25,2,10
pec fly,5,2025-10-07,66,2,10
rear delt,2,2025-10-07,39,2,10
arm curl,5,2025-10-07,21,2,10
dumbell,,2025-10-07,12,2,10
conv chest press,6,2025-10-07,38,2,10
lateral raise,5,2025-10-07,27,2,10
triceps extension,6,2025-10-07,41,2,10
chin asist,,2025-10-07,1000/43,2,10
leg press,3,2025-10-07,52,2,10
lat pulldown,,2025-10-07,39,2,10
conv shoulder press,6,2025-10-07,18,2,10
chest press,6,2025-10-09,38,2,10
seated row,"s 5, c 6",2025-10-09,43,2,10
seated dip,6,2025-10-09,47,2,10
div lat pulldown,,2025-10-09,38,2,10
shoulder press,6,2025-10-09,25,2,10
pec fly,5,2025-10-09,66,2,10
rear delt,2,2025-10-09,39,2,10
arm curl,5,2025-10-09,21,2,10
dumbell,,2025-10-09,12,2,10
conv chest press,6,2025-10-09,38,2,10
lateral raise,5,2025-10-09,27,2,10
triceps extension,6,2025-10-09,41,2,10
chin asist,,2025-10-09,1000/43,2,10
leg press,3,2025-10-09,52,2,10
lat pulldown,,2025-10-09,39,2,10
conv shoulder press,6,2025-10-09,18,2,10
chest press,6,2025-10-11,38,2,10
seated row,"s 5, c 6",2025-10-11,43,2,10
seated dip,6,2025-10-11,47,2,10
div lat pulldown,,2025-10-11,39,2,10
shoulder press,6,2025-10-11,25,2,10
pec fly,5,2025-10-11,66,2,10
rear delt,2,2025-10-11,39,2,10
arm curl,5,2025-10-11,21,2,10
dumbell,,2025-10-11,12,2,10
conv chest press,6,2025-10-11,38,2,10
lateral raise,5,2025-10-11,29,2,10
triceps extension,6,2025-10-11,41,2,10
chin asist,,2025-10-11,1000/43,2,10
leg press,3,2025-10-11,52,2,10
lat pulldown,,2025-10-11,39,2,10
conv shoulder press,6,2025-10-11,18,2,10
chest press,6,2025-10-13,38,2,10
seated row,"s 5, c 6",2025-10-13,43,2,10
seated dip,6,2025-10-13,46,2,10
div lat pulldown,,2025-10-13,38,2,10
shoulder press,6,2025-10-13,25,2,10
pec fly,5,2025-10-13,66,2,10
rear delt,2,2025-10-13,39,2,10
arm curl,5,2025-10-13,21,2,10
dumbell,,2025-10-13,12,2,10
conv chest press,6,2025-10-13,38,2,10
lateral raise,5,2025-10-13,29,2,10
triceps extension,6,2025-10-13,41,2,10
chin asist,,2025-10-13,1000/43,2,10
leg press,3,2025-10-13,52,2,10
lat pulldown,,2025-10-13,39,2,10
conv shoulder press,6,2025-10-13,18,2,10
chest press,6,2025-10-15,39,2,10
seated row,"s 5, c 6",2025-10-15,44,2,10
seated dip,6,2025-10-15,46,2,10
div lat pulldown,,2025-10-15,38,2,10
shoulder press,6,2025-10-15,25,2,10
pec fly,5,2025-10-15,70,2,10
rear delt,2,2025-10-15,39,2,10
arm curl,5,2025-10-15,21,2,10
dumbell,,2025-10-15,12,2,10
conv chest press,6,2025-10-15,39,2,10
lateral raise,5,2025-10-15,29,2,10
triceps extension,6,2025-10-15,41,2,10
chin asist,,2025-10-15,1000/43,2,10
leg press,3,2025-10-15,52,2,10
lat pulldown,,2025-10-15,39,2,10
conv shoulder press,6,2025-10-15,18,2,10
chest press,6,2025-10-17,39,2,10
seated row,"s 5, c 6",2025-10-17,43,2,10
seated dip,6,2025-10-17,45,2,10
div lat pulldown,,2025-10-17,38,2,10
shoulder press,6,2025-10-17,25,2,10
pec fly,5,2025-10-17,70,2,10
rear delt,2,2025-10-17,39,2,10
arm curl,5,2025-10-17,21,2,10
dumbell,,2025-10-17,12,2,10
conv chest press,6,2025-10-17,39,2,10
lateral raise,5,2025-10-17,29,2,10
triceps extension,6,2025-10-17,41,2,10
chin asist,,2025-10-17,1000/43,2,10
leg press,3,2025-10-17,52,2,10
lat pulldown,,2025-10-17,39,2,10
conv shoulder press,6,2025-10-17,20,2,10
chest press,6,2025-10-19,39,2,10
seated row,"s 5, c 6",2025-10-19,43,2,10
seated dip,6,2025-10-19,45,2,10
div lat pulldown,,2025-10-19,40,2,10
shoulder press,6,2025-10-19,26,2,10
pec fly,5,2025-10-19,73,2,10
rear delt,2,2025-10-19,39,2,10
arm curl,5,2025-10-19,21,2,10
dumbell,,2025-10-19,12,2,10
conv chest press,6,2025-10-19,39,2,10
lateral raise,5,2025-10-19,30,2,10
triceps extension,6,2025-10-19,41,2,10
chin asist,,2025-10-19,1000/41,2,10
leg press,3,2025-10-19,52,2,10
lat pulldown,,2025-10-19,39,2,10
conv shoulder press,6,2025-10-19,20,2,10
chest press,6,2025-10-21,39,2,10
seated row,"s 5, c 6",2025-10-21,43,2,10
seated dip,6,2025-10-21,46,2,10
div lat pulldown,,2025-10-21,40,2,10
shoulder press,6,2025-10-21,26,2,10
pec fly,5,2025-10-21,73,2,10
rear delt,2,2025-10-21,39,2,10
arm curl,5,2025-10-21,21,2,10
dumbell,,2025-10-21,12,2,10
conv chest press,6,2025-10-21,39,2,10
lateral raise,5,2025-10-21,30,2,10
triceps extension,6,2025-10-21,41,2,10
chin asist,,2025-10-21,1000/38,2,10
leg press,3,2025-10-21,52,2,10
lat pulldown,,2025-10-21,39,2,10
conv shoulder press,6,2025-10-21,20,2,10
chest press,6,2025-11-09,34,2,10
seated row,"s 5, c 6",2025-11-09,36,2,10
seated dip,6,2025-11-09,41,2,10
div lat pulldown,,2025-11-09,36,2,10
shoulder press,6,2025-11-09,23,2,10
pec fly,5,2025-11-09,66,2,10
rear delt,2,2025-11-09,39,2,10
arm curl,5,2025-11-09,18,2,10
dumbell,,2025-11-09,10,2,10
conv chest press,6,2025-11-09,34,2,10
lateral raise,5,2025-11-09,27,2,10
triceps extension,6,2025-11-09,36,2,10
chin asist,,2025-11-09,1000/45,2,10
leg press,3,2025-11-09,39,2,10
lat pulldown,,2025-11-09,35,2,10
conv shoulder press,6,2025-11-09,16,2,10
chest press,6,2025-11-11,34,2,10
seated row,"s 5, c 6",2025-11-11,36,2,10
seated dip,6,2025-11-11,41,2,10
div lat pulldown,,2025-11-11,36,2,10
shoulder press,6,2025-11-11,23,2,10
pec fly,5,2025-11-11,66,2,10
rear delt,2,2025-11-11,39,2,10
arm curl,5,2025-11-11,18,2,10
dumbell,,2025-11-11,10,2,10
conv chest press,6,2025-11-11,34,2,10
lateral raise,5,2025-11-11,27,2,10
triceps extension,6,2025-11-11,36,2,10
chin asist,,2025-11-11,1000/45,2,10
leg press,3,2025-11-11,39,2,10
lat pulldown,,2025-11-11,34,2,10
conv shoulder press,6,2025-11-11,16,2,10
chest press,6,2025-11-13,34,2,10
seated row,"s 5, c 6",2025-11-13,36,2,10
seated dip,6,2025-11-13,41,2,10
div lat pulldown,,2025-11-13,36,2,10
shoulder press,6,2025-11-13,23,2,10
pec fly,5,2025-11-13,66,2,10
rear delt,2,2025-11-13,39,2,10
arm curl,5,2025-11-13,18,2,10
dumbell,,2025-11-13,10,2,10
conv chest press,6,2025-11-13,34,2,10
lateral raise,5,2025-11-13,27,2,10
triceps extension,6,2025-11-13,36,2,10
chin asist,,2025-11-13,1000/45,2,10
leg press,3,2025-11-13,45,2,10
lat pulldown,,2025-11-13,34,2,10
conv shoulder press,6,2025-11-13,16,2,10
chest press,6,2025-11-15,34,2,10
seated row,"s 5, c 6",2025-11-15,36,2,10
seated dip,6,2025-11-15,41,2,10
div lat pulldown,,2025-11-15,36,2,10
shoulder press,6,2025-11-15,23,2,10
pec fly,5,2025-11-15,66,2,10
rear delt,2,2025-11-15,39,2,10
arm curl,5,2025-11-15,18,2,10
dumbell,,2025-11-15,10,2,10
conv chest press,6,2025-11-15,34,2,10
lateral raise,5,2025-11-15,27,2,10
triceps extension,6,2025-11-15,36,2,10
chin asist,,2025-11-15,1000/45,2,10
leg press,3,2025-11-15,45,2,10
lat pulldown,,2025-11-15,34,2,10
conv shoulder press,6,2025-11-15,16,2,10
chest press,6,2025-11-17,34,2,10
seated row,"s 5, c 6",2025-11-17,36,2,10
seated dip,6,2025-11-17,41,2,10
div lat pulldown,,2025-11-17,36,2,10
shoulder press,6,2025-11-17,23,2,10
pec fly,5,2025-11-17,66,2,10
rear delt,2,2025-11-17,39,2,10
arm curl,5,2025-11-17,18,2,10
dumbell,,2025-11-17,10,2,10
conv chest press,6,2025-11-17,34,2,10
lateral raise,5,2025-11-17,27,2,10
triceps extension,6,2025-11-17,36,2,10
chin asist,,2025-11-17,1000/45,2,10
leg press,3,2025-11-17,45,2,10
lat pulldown,,2025-11-17,34,2,10
conv shoulder press,6,2025-11-17,16,2,10
chest press,6,2025-11-20,34,2,10
seated row,"s 5, c 6",2025-11-20,36,2,10
seated dip,6,2025-11-20,41,2,10
div lat pulldown,,2025-11-20,36,2,10
shoulder press,6,2025-11-20,23,2,10
pec fly,5,2025-11-20,66,2,10
rear delt,2,2025-11-20,39,2,10
arm curl,5,2025-11-20,18,2,10
dumbell,,2025-11-20,10,2,10
conv chest press,6,2025-11-20,34,2,10
lateral raise,5,2025-11-20,27,2,10
triceps extension,6,2025-11-20,36,2,10
chin asist,,2025-11-20,1000/45,2,10
leg press,3,2025-11-20,45,2,10
lat pulldown,,2025-11-20,34,2,10
conv shoulder press,6,2025-11-20,16,2,10
chest press,6,2025-11-22,35,2,10
seated row,"s 5, c 6",2025-11-22,37,2,10
seated dip,6,2025-11-22,42,2,10
div lat pulldown,,2025-11-22,37,2,10
shoulder press,6,2025-11-22,24,2,10
pec fly,5,2025-11-22,66,2,10
rear delt,2,2025-11-22,39,2,10
arm curl,5,2025-11-22,19,2,10
dumbell,,2025-11-22,11,2,10
conv chest press,6,2025-11-22,35,2,10
lateral raise,5,2025-11-22,28,2,10
triceps extension,6,2025-11-22,37,2,10
chin asist,,2025-11-22,1000/45,2,10
leg press,3,2025-11-22,45,2,10
lat pulldown,,2025-11-22,35,2,10
conv shoulder press,6,2025-11-22,17,2,10
chest press,6,2025-12-01,34,2,10
seated row,"s 5, c 6",2025-12-01,36,2,10
seated dip,6,2025-12-01,41,2,10
div lat pulldown,,2025-12-01,36,2,10
shoulder press,6,2025-12-01,23,2,10
pec fly,5,2025-12-01,66,2,10
rear delt,2,2025-12-01,39,2,10
arm curl,5,2025-12-01,18,2,10
dumbell,,2025-12-01,10,2,10
conv chest press,6,2025-12-01,34,2,10
lateral raise,5,2025-12-01,27,2,10
triceps extension,6,2025-12-01,36,2,10
chin asist,,2025-12-01,1000/45,2,10
leg press,3,2025-12-01,45,2,10
lat pulldown,,2025-12-01,34,2,10
conv shoulder press,6,2025-12-01,16,2,10
chest press,6,2025-12-03,34,2,10
seated row,"s 5, c 6",2025-12-03,36,2,10
seated dip,6,2025-12-03,41,2,10
div lat pulldown,,2025-12-03,36,2,10
shoulder press,6,2025-12-03,23,2,10
pec fly,5,2025-12-03,66,2,10
rear delt,2,2025-12-03,39,2,10
arm curl,5,2025-12-03,18,2,10
dumbell,,2025-12-03,12,2,10
conv chest press,6,2025-12-03,34,2,10
lateral raise,5,2025-12-03,27,2,10
triceps extension,6,2025-12-03,36,2,10
chin asist,,2025-12-03,1000/45,2,10
leg press,3,2025-12-03,45,2,10
lat pulldown,,2025-12-03,34,2,10
conv shoulder press,6,2025-12-03,16,2,10
chest press,6,2025-12-05,35,2,10
seated row,"s 5, c 6",2025-12-05,37,2,10
seated dip,6,2025-12-05,42,2,10
div lat pulldown,,2025-12-05,37,2,10
shoulder press,6,2025-12-05,24,2,10
pec fly,5,2025-12-05,69,2,10
rear delt,2,2025-12-05,42,2,10
arm curl,5,2025-12-05,19,2,10
dumbell,,2025-12-05,12,2,10
conv chest press,6,2025-12-05,35,2,10
lateral raise,5,2025-12-05,28,2,10
triceps extension,6,2025-12-05,37,2,10
chin asist,,2025-12-05,1000/45,2,10
leg press,3,2025-12-05,45,2,10
lat pulldown,,2025-12-05,35,2,10
conv shoulder press,6,2025-12-05,17,2,10
chest press,6,2025-12-08,35,2,10
seated row,"s 5, c 6",2025-12-08,37,2,10
seated dip,6,2025-12-08,43,2,10
div lat pulldown,,2025-12-08,37,2,10
shoulder press,6,2025-12-08,24,2,10
pec fly,5,2025-12-08,69,2,10
rear delt,2,2025-12-08,42,2,10
arm curl,5,2025-12-08,20,2,10
dumbell,,2025-12-08,12,2,10
conv chest press,6,2025-12-08,35,2,10
lateral raise,5,2025-12-08,29,2,10
triceps extension,6,2025-12-08,38,2,10
chin asist,,2025-12-08,1000/45,2,10
leg press,3,2025-12-08,48,2,10
lat pulldown,,2025-12-08,35,2,10
conv shoulder press,6,2025-12-08,17,2,10
chest press,6,2025-12-10,36,2,10
seated row,"s 5, c 6",2025-12-10,39,2,10
seated dip,6,2025-12-10,43,2,10
div lat pulldown,,2025-12-10,38,2,10
shoulder press,6,2025-12-10,25,2,10
pec fly,5,2025-12-10,69,2,10
rear delt,2,2025-12-10,42,2,10
arm curl,5,2025-12-10,20,2,10
dumbell,,2025-12-10,12,2,10
conv chest press,6,2025-12-10,35,2,10
lateral raise,5,2025-12-10,29,2,10
triceps extension,6,2025-12-10,38,2,10
chin asist,,2025-12-10,1000/45,2,10
leg press,3,2025-12-10,52,2,10
lat pulldown,,2025-12-10,36,2,10
conv shoulder press,6,2025-12-10,18,2,10
chest press,6,2025-12-12,36,2,10
seated row,"s 5, c 6",2025-12-12,39,2,10
seated dip,6,2025-12-12,43,2,10
div lat pulldown,,2025-12-12,38,2,10
shoulder press,6,2025-12-12,25,2,10
pec fly,5,2025-12-12,73,2,10
rear delt,2,2025-12-12,45,2,10
arm curl,5,2025-12-12,20,2,10
dumbell,,2025-12-12,12,2,10
conv chest press,6,2025-12-12,36,2,10
lateral raise,5,2025-12-12,31,2,10
triceps extension,6,2025-12-12,38,2,10
chin asist,,2025-12-12,1000/45,2,10
leg press,3,2025-12-12,52,2,10
lat pulldown,,2025-12-12,37,2,10
conv shoulder press,6,2025-12-12,18,2,10
chest press,6,2025-12-15,36,2,10
seated row,"s 5, c 6",2025-12-15,39,2,10
seated dip,6,2025-12-15,43,2,10
div lat pulldown,,2025-12-15,38,2,10
shoulder press,6,2025-12-15,25,2,10
pec fly,5,2025-12-15,73,2,10
rear delt,2,2025-12-15,45,2,10
arm curl,5,2025-12-15,20,2,10
dumbell,,2025-12-15,12,2,10
conv chest press,6,2025-12-15,36,2,10
lateral raise,5,2025-12-15,31,2,10
triceps extension,6,2025-12-15,38,2,10
chin asist,,2025-12-15,1000/45,2,10
leg press,3,2025-12-15,52,2,10
lat pulldown,,2025-12-15,39,2,10
conv shoulder press,6,2025-12-15,18,2,10
chest press,6,2025-12-17,39,2,10
seated row,"s 5, c 6",2025-12-17,39,2,10
seated dip,6,2025-12-17,45,2,10
div lat pulldown,,2025-12-17,38,2,10
shoulder press,6,2025-12-17,27,2,10
pec fly,5,2025-12-17,73,2,10
rear delt,2,2025-12-17,45,2,10
arm curl,5,2025-12-17,20,2,10
dumbell,,2025-12-17,12,2,10
conv chest press,6,2025-12-17,39,2,10
lateral raise,5,2025-12-17,31,2,10
triceps extension,6,2025-12-17,41,2,10
chin asist,,2025-12-17,1000/45,2,10
leg press,3,2025-12-17,52,2,10
lat pulldown,,2025-12-17,39,2,10
conv shoulder press,6,2025-12-17,18,2,10
chest press,6,2025-12-19,39,2,10
seated row,"s 5, c 6",2025-12-19,39,2,10
seated dip,6,2025-12-19,45,2,10
div lat pulldown,,2025-12-19,38,2,10
shoulder press,6,2025-12-19,27,2,10
pec fly,5,2025-12-19,73,2,10
rear delt,2,2025-12-19,45,2,10
arm curl,5,2025-12-19,20,2,10
dumbell,,2025-12-19,12,2,10
conv chest press,6,2025-12-19,39,2,10
lateral raise,5,2025-12-19,31,2,10
triceps extension,6,2025-12-19,41,2,10
chin asist,,2025-12-19,1000/45,2,10
leg press,3,2025-12-19,52,2,10
lat pulldown,,2025-12-19,39,2,10
conv shoulder press,6,2025-12-19,18,2,10
chest press,6,2025-12-27,39,2,10
seated row,"s 5, c 6",2025-12-27,39,2,10
seated dip,6,2025-12-27,45,2,10
div lat pulldown,,2025-12-27,38,2,10
shoulder press,6,2025-12-27,27,2,10
pec fly,5,2025-12-27,73,2,10
rear delt,2,2025-12-27,45,2,10
arm curl,5,2025-12-27,20,2,10
dumbell,,2025-12-27,12,2,10
conv chest press,6,2025-12-27,39,2,10
lateral raise,5,2025-12-27,31,2,10
triceps extension,6,2025-12-27,41,2,10
chin asist,,2025-12-27,1000/45,2,10
leg press,3,2025-12-27,52,2,10
lat pulldown,,2025-12-27,39,2,10
conv shoulder press,6,2025-12-27,18,2,10
chest press,6,2026-01-09,35,2,10
seated row,"s 5, c 6",2026-01-09,36,2,10
seated dip,6,2026-01-09,38,2,10
div lat pulldown,,2026-01-09,34,2,10
shoulder press,6,2026-01-09,24,2,10
pec fly,5,2026-01-09,66,2,10
rear delt,2,2026-01-09,39,2,10
arm curl,5,2026-01-09,18,2,10
dumbell,,2026-01-09,12,2,10
conv chest press,6,2026-01-09,35,2,10
lateral raise,5,2026-01-09,27,2,10
triceps extension,6,2026-01-09,36,2,10
chin asist,,2026-01-09,1000/47,2,10
leg press,3,2026-01-09,45,2,10
lat pulldown,,2026-01-09,34,2,10
conv shoulder press,6,2026-01-09,16,2,10
chest press,6,2026-01-11,34,2,10
seated row,"s 5, c 6",2026-01-11,36,2,10
seated dip,6,2026-01-11,38,2,10
div lat pulldown,,2026-01-11,34,2,10
shoulder press,6,2026-01-11,23,2,10
pec fly,5,2026-01-11,66,2,10
rear delt,2,2026-01-11,39,2,10
arm curl,5,2026-01-11,18,2,10
dumbell,,2026-01-11,12,2,10
conv chest press,6,2026-01-11,34,2,10
lateral raise,5,2026-01-11,27,2,10
triceps extension,6,2026-01-11,36,2,10
chin asist,,2026-01-11,1000/47,2,10
leg press,3,2026-01-11,45,2,10
lat pulldown,,2026-01-11,34,2,10
conv shoulder press,6,2026-01-11,16,2,10
chest press,6,2026-01-13,34,2,10
seated row,"s 5, c 6",2026-01-13,36,2,10
seated dip,6,2026-01-13,38,2,10
div lat pulldown,,2026-01-13,34,2,10
shoulder press,6,2026-01-13,23,2,10
pec fly,5,2026-01-13,66,2,10
rear delt,2,2026-01-13,39,2,10
arm curl,5,2026-01-13,18,2,10
dumbell,,2026-01-13,12,2,10
conv chest press,6,2026-01-13,34,2,10
lateral raise,5,2026-01-13,27,2,10
triceps extension,6,2026-01-13,36,2,10
chin asist,,2026-01-13,1000/47,2,10
leg press,3,2026-01-13,45,2,10
lat pulldown,,2026-01-13,34,2,10
conv shoulder press,6,2026-01-13,16,2,10
